clueweb12-0000tw-00-00000	Tunis	<http://www.wikidata.org/entity/Q26610612>
clueweb12-0000tw-00-00000	Cumulus Flash	<http://www.wikidata.org/entity/Q20741862>
clueweb12-0000tw-00-00000	Roy Tanck	<http://www.wikidata.org/entity/Q2040763>
clueweb12-0000tw-00-00000	Luke Morton	<http://www.wikidata.org/entity/Q64961931>
clueweb12-0000tw-00-00000	Flash Player	<http://www.wikidata.org/entity/Q857177>
clueweb12-0000tw-00-00001	Tunis	<http://www.wikidata.org/entity/Q26610612>
clueweb12-0000tw-00-00001	Roy Tanck	<http://www.wikidata.org/entity/Q2040763>
clueweb12-0000tw-00-00001	Flash Player	<http://www.wikidata.org/entity/Q857177>
clueweb12-0000tw-00-00002	Tunis	<http://www.wikidata.org/entity/Q26610612>
clueweb12-0000tw-00-00002	Roy Tanck	<http://www.wikidata.org/entity/Q2040763>
clueweb12-0000tw-00-00002	Flash Player	<http://www.wikidata.org/entity/Q857177>
clueweb12-0000tw-00-00003	Tunis	<http://www.wikidata.org/entity/Q26610612>
clueweb12-0000tw-00-00003	Roy Tanck	<http://www.wikidata.org/entity/Q2040763>
clueweb12-0000tw-00-00003	Flash Player	<http://www.wikidata.org/entity/Q857177>
clueweb12-0000tw-00-00004	Tunis	<http://www.wikidata.org/entity/Q26610612>
clueweb12-0000tw-00-00004	Roy Tanck	<http://www.wikidata.org/entity/Q2040763>
clueweb12-0000tw-00-00004	Flash Player	<http://www.wikidata.org/entity/Q857177>
clueweb12-0000tw-00-00006	Internet	<http://www.wikidata.org/entity/Q66817841>
clueweb12-0000tw-00-00006	Internet	<http://www.wikidata.org/entity/Q66817841>
clueweb12-0000tw-00-00006	Internet	<http://www.wikidata.org/entity/Q66817841>
clueweb12-0000tw-00-00007	Michelle	<http://www.wikidata.org/entity/Q1353749>
clueweb12-0000tw-00-00007	Collette	<http://www.wikidata.org/entity/Q41619110>
clueweb12-0000tw-00-00007	Luke	<http://www.wikidata.org/entity/Q3840535>
clueweb12-0000tw-00-00007	Maggie	<http://www.wikidata.org/entity/Q16252844>
clueweb12-0000tw-00-00007	Frank	<http://www.wikidata.org/entity/Q3082474>
clueweb12-0000tw-00-00007	Savior	<http://www.wikidata.org/entity/Q14313853>
clueweb12-0000tw-00-00007	He	<http://www.wikidata.org/entity/Q29709011>
clueweb12-0000tw-00-00008	God	<http://www.wikidata.org/entity/Q2016658>
clueweb12-0000tw-00-00008	God	<http://www.wikidata.org/entity/Q2016658>
clueweb12-0000tw-00-00008	God	<http://www.wikidata.org/entity/Q2016658>
clueweb12-0000tw-00-00008	Romans	<http://www.wikidata.org/entity/Q613120>
clueweb12-0000tw-00-00008	God	<http://www.wikidata.org/entity/Q2016658>
clueweb12-0000tw-00-00008	God	<http://www.wikidata.org/entity/Q2016658>
clueweb12-0000tw-00-00008	God	<http://www.wikidata.org/entity/Q2016658>
clueweb12-0000tw-00-00008	Holy Spirit	<http://www.wikidata.org/entity/Q37302>
clueweb12-0000tw-00-00009	Disney Princess	<http://www.wikidata.org/entity/Q1140303>
clueweb12-0000tw-00-00009	A Small World’	<http://www.wikidata.org/entity/Q76551429>
clueweb12-0000tw-00-00009	Computer Progeammer World	<http://www.wikidata.org/entity/Q707182>
clueweb12-0000tw-00-00009	WDW	<http://www.wikidata.org/entity/Q65951613>
clueweb12-0000tw-00-00009	WDW	<http://www.wikidata.org/entity/Q65951613>
clueweb12-0000tw-00-00009	Disney	<http://www.wikidata.org/entity/Q20992364>
clueweb12-0000tw-00-00009	Walt Disney World	<http://www.wikidata.org/entity/Q3565653>
clueweb12-0000tw-00-00009	World	<http://www.wikidata.org/entity/Q58462278>
clueweb12-0000tw-00-00009	WDW	<http://www.wikidata.org/entity/Q65951613>
clueweb12-0000tw-00-00012	Francine	<http://www.wikidata.org/entity/Q16837560>
clueweb12-0000tw-00-00013	HIV	<http://www.wikidata.org/entity/Q15787>
clueweb12-0000tw-00-00013	HIV	<http://www.wikidata.org/entity/Q15787>
clueweb12-0000tw-00-00013	HIV	<http://www.wikidata.org/entity/Q15787>
clueweb12-0000tw-00-00013	Human Immunodeficiency Virus	<http://www.wikidata.org/entity/Q53766878>
clueweb12-0000tw-00-00013	HIV	<http://www.wikidata.org/entity/Q15787>
clueweb12-0000tw-00-00013	HIV	<http://www.wikidata.org/entity/Q15787>
clueweb12-0000tw-00-00013	HIV	<http://www.wikidata.org/entity/Q15787>
clueweb12-0000tw-00-00013	Bladder Cancer	<http://www.wikidata.org/entity/Q30230812>
clueweb12-0000tw-00-00013	Cancer	<http://www.wikidata.org/entity/Q326041>
clueweb12-0000tw-00-00013	HIV	<http://www.wikidata.org/entity/Q15787>
clueweb12-0000tw-00-00013	HIV AIDS	<http://www.wikidata.org/entity/Q18394537>
clueweb12-0000tw-00-00013	HIV	<http://www.wikidata.org/entity/Q15787>
clueweb12-0000tw-00-00014	HIV	<http://www.wikidata.org/entity/Q15787>
clueweb12-0000tw-00-00014	HIV	<http://www.wikidata.org/entity/Q15787>
clueweb12-0000tw-00-00014	HIV	<http://www.wikidata.org/entity/Q15787>
clueweb12-0000tw-00-00014	HIV	<http://www.wikidata.org/entity/Q15787>
clueweb12-0000tw-00-00014	HIV	<http://www.wikidata.org/entity/Q15787>
clueweb12-0000tw-00-00014	HIV	<http://www.wikidata.org/entity/Q15787>
clueweb12-0000tw-00-00014	HIV	<http://www.wikidata.org/entity/Q15787>
clueweb12-0000tw-00-00014	HIV	<http://www.wikidata.org/entity/Q15787>
clueweb12-0000tw-00-00014	HIV	<http://www.wikidata.org/entity/Q15787>
clueweb12-0000tw-00-00014	HIV	<http://www.wikidata.org/entity/Q15787>
clueweb12-0000tw-00-00014	HIV	<http://www.wikidata.org/entity/Q15787>
clueweb12-0000tw-00-00014	HIV	<http://www.wikidata.org/entity/Q15787>
clueweb12-0000tw-00-00014	HIV	<http://www.wikidata.org/entity/Q15787>
clueweb12-0000tw-00-00014	HIV	<http://www.wikidata.org/entity/Q15787>
clueweb12-0000tw-00-00014	HIV	<http://www.wikidata.org/entity/Q15787>
clueweb12-0000tw-00-00014	HIV	<http://www.wikidata.org/entity/Q15787>
clueweb12-0000tw-00-00014	HIV	<http://www.wikidata.org/entity/Q15787>
clueweb12-0000tw-00-00014	Bladder Cancer	<http://www.wikidata.org/entity/Q30230812>
clueweb12-0000tw-00-00014	Cancer	<http://www.wikidata.org/entity/Q326041>
clueweb12-0000tw-00-00014	Health	<http://www.wikidata.org/entity/Q26159976>
clueweb12-0000tw-00-00014	HIV	<http://www.wikidata.org/entity/Q15787>
clueweb12-0000tw-00-00014	HIV	<http://www.wikidata.org/entity/Q15787>
clueweb12-0000tw-00-00014	HIV	<http://www.wikidata.org/entity/Q15787>
clueweb12-0000tw-00-00014	HIV	<http://www.wikidata.org/entity/Q15787>
clueweb12-0000tw-00-00014	HIV	<http://www.wikidata.org/entity/Q15787>
clueweb12-0000tw-00-00014	HIV	<http://www.wikidata.org/entity/Q15787>
clueweb12-0000tw-00-00014	STDs	<http://www.wikidata.org/entity/Q58004063>
clueweb12-0000tw-00-00014	HIV	<http://www.wikidata.org/entity/Q15787>
clueweb12-0000tw-00-00014	Acquired Immune Deficiency Syndrome	<http://www.wikidata.org/entity/Q70438053>
clueweb12-0000tw-00-00014	HIV	<http://www.wikidata.org/entity/Q15787>
clueweb12-0000tw-00-00014	HIV	<http://www.wikidata.org/entity/Q15787>
clueweb12-0000tw-00-00014	HIV	<http://www.wikidata.org/entity/Q15787>
clueweb12-0000tw-00-00014	Immunodeficiency	<http://www.wikidata.org/entity/Q71576967>
clueweb12-0000tw-00-00014	HIV	<http://www.wikidata.org/entity/Q15787>
clueweb12-0000tw-00-00014	HIV	<http://www.wikidata.org/entity/Q15787>
clueweb12-0000tw-00-00014	HIV	<http://www.wikidata.org/entity/Q15787>
clueweb12-0000tw-00-00015	Internet	<http://www.wikidata.org/entity/Q66817841>
clueweb12-0000tw-00-00015	Bladder Cancer	<http://www.wikidata.org/entity/Q30230812>
clueweb12-0000tw-00-00015	Cancer	<http://www.wikidata.org/entity/Q326041>
clueweb12-0000tw-00-00016	HIV	<http://www.wikidata.org/entity/Q15787>
clueweb12-0000tw-00-00016	HIV	<http://www.wikidata.org/entity/Q15787>
clueweb12-0000tw-00-00016	Bladder Cancer	<http://www.wikidata.org/entity/Q30230812>
clueweb12-0000tw-00-00016	Cancer	<http://www.wikidata.org/entity/Q326041>
clueweb12-0000tw-00-00017	HIV	<http://www.wikidata.org/entity/Q15787>
clueweb12-0000tw-00-00017	HIV	<http://www.wikidata.org/entity/Q15787>
clueweb12-0000tw-00-00017	HIV	<http://www.wikidata.org/entity/Q15787>
clueweb12-0000tw-00-00017	HIV	<http://www.wikidata.org/entity/Q15787>
clueweb12-0000tw-00-00017	HIV	<http://www.wikidata.org/entity/Q15787>
clueweb12-0000tw-00-00017	HIV	<http://www.wikidata.org/entity/Q15787>
clueweb12-0000tw-00-00017	Bladder Cancer	<http://www.wikidata.org/entity/Q30230812>
clueweb12-0000tw-00-00017	Cancer	<http://www.wikidata.org/entity/Q326041>
clueweb12-0000tw-00-00017	Cancer	<http://www.wikidata.org/entity/Q326041>
clueweb12-0000tw-00-00017	HIV	<http://www.wikidata.org/entity/Q15787>
clueweb12-0000tw-00-00017	HIV	<http://www.wikidata.org/entity/Q15787>
clueweb12-0000tw-00-00017	HIV	<http://www.wikidata.org/entity/Q15787>
clueweb12-0000tw-00-00018	HIV	<http://www.wikidata.org/entity/Q15787>
clueweb12-0000tw-00-00018	HIV	<http://www.wikidata.org/entity/Q15787>
clueweb12-0000tw-00-00018	Berlin	<http://www.wikidata.org/entity/Q677207>
clueweb12-0000tw-00-00018	HIV	<http://www.wikidata.org/entity/Q15787>
clueweb12-0000tw-00-00018	HIV	<http://www.wikidata.org/entity/Q15787>
clueweb12-0000tw-00-00018	CCR5 DNA	<http://www.wikidata.org/entity/Q14865176>
clueweb12-0000tw-00-00018	HIV	<http://www.wikidata.org/entity/Q15787>
clueweb12-0000tw-00-00018	HIV	<http://www.wikidata.org/entity/Q15787>
clueweb12-0000tw-00-00018	HIV	<http://www.wikidata.org/entity/Q15787>
clueweb12-0000tw-00-00018	HIV	<http://www.wikidata.org/entity/Q15787>
clueweb12-0000tw-00-00018	HIV	<http://www.wikidata.org/entity/Q15787>
clueweb12-0000tw-00-00018	HIV	<http://www.wikidata.org/entity/Q15787>
clueweb12-0000tw-00-00018	HIV	<http://www.wikidata.org/entity/Q15787>
clueweb12-0000tw-00-00018	HIV	<http://www.wikidata.org/entity/Q15787>
clueweb12-0000tw-00-00018	Bladder Cancer	<http://www.wikidata.org/entity/Q30230812>
clueweb12-0000tw-00-00018	Cancer	<http://www.wikidata.org/entity/Q326041>
clueweb12-0000tw-00-00018	HIV	<http://www.wikidata.org/entity/Q15787>
clueweb12-0000tw-00-00018	CCR5	<http://www.wikidata.org/entity/Q14865176>
clueweb12-0000tw-00-00018	HIV	<http://www.wikidata.org/entity/Q15787>
clueweb12-0000tw-00-00018	CCR5	<http://www.wikidata.org/entity/Q14865176>
clueweb12-0000tw-00-00018	HIV	<http://www.wikidata.org/entity/Q15787>
clueweb12-0000tw-00-00018	HIV	<http://www.wikidata.org/entity/Q15787>
clueweb12-0000tw-00-00018	HIV	<http://www.wikidata.org/entity/Q15787>
clueweb12-0000tw-00-00018	CCR5 DNA	<http://www.wikidata.org/entity/Q14865176>
clueweb12-0000tw-00-00018	HIV	<http://www.wikidata.org/entity/Q15787>
clueweb12-0000tw-00-00018	HIV	<http://www.wikidata.org/entity/Q15787>
clueweb12-0000tw-00-00018	HIV	<http://www.wikidata.org/entity/Q15787>
clueweb12-0000tw-00-00018	CCR5 DNA	<http://www.wikidata.org/entity/Q14865176>
clueweb12-0000tw-00-00018	HIV	<http://www.wikidata.org/entity/Q15787>
clueweb12-0000tw-00-00018	HIV	<http://www.wikidata.org/entity/Q15787>
clueweb12-0000tw-00-00018	CCR5 DNA	<http://www.wikidata.org/entity/Q14865176>
clueweb12-0000tw-00-00018	HIV	<http://www.wikidata.org/entity/Q15787>
clueweb12-0000tw-00-00018	HIV	<http://www.wikidata.org/entity/Q15787>
clueweb12-0000tw-00-00019	State	<http://www.wikidata.org/entity/Q24056375>
clueweb12-0000tw-00-00019	Medicaid	<http://www.wikidata.org/entity/Q1141363>
clueweb12-0000tw-00-00019	United States	<http://www.wikidata.org/entity/Q3965121>
clueweb12-0000tw-00-00019	U.S	<http://www.wikidata.org/entity/Q21712153>
clueweb12-0000tw-00-00019	Bladder Cancer	<http://www.wikidata.org/entity/Q30230812>
clueweb12-0000tw-00-00019	Cancer	<http://www.wikidata.org/entity/Q326041>
clueweb12-0000tw-00-00019	Cancer	<http://www.wikidata.org/entity/Q326041>
clueweb12-0000tw-00-00019	National Institute of Mental Health	<http://www.wikidata.org/entity/Q1967405>
clueweb12-0000tw-00-00019	NIMH	<http://www.wikidata.org/entity/Q71312194>
clueweb12-0000tw-00-00019	NIMH	<http://www.wikidata.org/entity/Q71312194>
clueweb12-0000tw-00-00019	U.S	<http://www.wikidata.org/entity/Q21712153>
clueweb12-0000tw-00-00019	CDC	<http://www.wikidata.org/entity/Q29723728>
clueweb12-0000tw-00-00020	Bladder Cancer	<http://www.wikidata.org/entity/Q30230812>
clueweb12-0000tw-00-00020	Cancer	<http://www.wikidata.org/entity/Q326041>
clueweb12-0000tw-00-00020	Cancer	<http://www.wikidata.org/entity/Q326041>
clueweb12-0000tw-00-00021	Bladder Cancer	<http://www.wikidata.org/entity/Q30230812>
clueweb12-0000tw-00-00021	Cancer	<http://www.wikidata.org/entity/Q326041>
clueweb12-0000tw-00-00021	Cancer	<http://www.wikidata.org/entity/Q326041>
clueweb12-0000tw-00-00021	Care	<http://www.wikidata.org/entity/Q5038838>
clueweb12-0000tw-00-00021	Care	<http://www.wikidata.org/entity/Q5038838>
clueweb12-0000tw-00-00022	California	<http://www.wikidata.org/entity/Q1393019>
clueweb12-0000tw-00-00022	HIV	<http://www.wikidata.org/entity/Q15787>
clueweb12-0000tw-00-00022	Bladder Cancer	<http://www.wikidata.org/entity/Q30230812>
clueweb12-0000tw-00-00022	Cancer	<http://www.wikidata.org/entity/Q326041>
clueweb12-0000tw-00-00022	Cancer	<http://www.wikidata.org/entity/Q326041>
clueweb12-0000tw-00-00023	Americans	<http://www.wikidata.org/entity/Q2384959>
clueweb12-0000tw-00-00023	Bladder Cancer	<http://www.wikidata.org/entity/Q30230812>
clueweb12-0000tw-00-00023	Cancer	<http://www.wikidata.org/entity/Q326041>
clueweb12-0000tw-00-00023	Cancer	<http://www.wikidata.org/entity/Q326041>
clueweb12-0000tw-00-00024	Bladder Cancer	<http://www.wikidata.org/entity/Q30230812>
clueweb12-0000tw-00-00024	Cancer	<http://www.wikidata.org/entity/Q326041>
clueweb12-0000tw-00-00024	Cancer	<http://www.wikidata.org/entity/Q326041>
clueweb12-0000tw-00-00024	Care	<http://www.wikidata.org/entity/Q5038838>
clueweb12-0000tw-00-00024	United States	<http://www.wikidata.org/entity/Q3965121>
clueweb12-0000tw-00-00025	The American Association of Retired Persons	<http://www.wikidata.org/entity/Q54598891>
clueweb12-0000tw-00-00025	Bladder Cancer	<http://www.wikidata.org/entity/Q30230812>
clueweb12-0000tw-00-00025	Cancer	<http://www.wikidata.org/entity/Q326041>
clueweb12-0000tw-00-00025	Cancer	<http://www.wikidata.org/entity/Q326041>
clueweb12-0000tw-00-00025	Care	<http://www.wikidata.org/entity/Q5038838>
clueweb12-0000tw-00-00026	HIV	<http://www.wikidata.org/entity/Q15787>
clueweb12-0000tw-00-00026	Bladder Cancer	<http://www.wikidata.org/entity/Q30230812>
clueweb12-0000tw-00-00026	Cancer	<http://www.wikidata.org/entity/Q326041>
clueweb12-0000tw-00-00026	Cancer	<http://www.wikidata.org/entity/Q326041>
clueweb12-0000tw-00-00026	Manatu Hauora	<http://www.wikidata.org/entity/Q16889186>
clueweb12-0000tw-00-00026	ACC	<http://www.wikidata.org/entity/Q29018093>
clueweb12-0000tw-00-00026	Accident Compensation Corporation	<http://www.wikidata.org/entity/Q4672556>
clueweb12-0000tw-00-00026	Ministry of Health	<http://www.wikidata.org/entity/Q957137>
clueweb12-0000tw-00-00027	United	<http://www.wikidata.org/entity/Q7887305>
clueweb12-0000tw-00-00027	United	<http://www.wikidata.org/entity/Q7887305>
clueweb12-0000tw-00-00027	United	<http://www.wikidata.org/entity/Q7887305>
clueweb12-0000tw-00-00027	Bladder Cancer	<http://www.wikidata.org/entity/Q30230812>
clueweb12-0000tw-00-00027	Cancer	<http://www.wikidata.org/entity/Q326041>
clueweb12-0000tw-00-00027	Cancer	<http://www.wikidata.org/entity/Q326041>
clueweb12-0000tw-00-00027	United	<http://www.wikidata.org/entity/Q7887305>
clueweb12-0000tw-00-00027	United	<http://www.wikidata.org/entity/Q7887305>
clueweb12-0000tw-00-00027	United	<http://www.wikidata.org/entity/Q7887305>
clueweb12-0000tw-00-00027	United	<http://www.wikidata.org/entity/Q7887305>
clueweb12-0000tw-00-00028	HIV	<http://www.wikidata.org/entity/Q15787>
clueweb12-0000tw-00-00028	Estee Lauder	<http://www.wikidata.org/entity/Q19760338>
clueweb12-0000tw-00-00028	Bladder Cancer	<http://www.wikidata.org/entity/Q30230812>
clueweb12-0000tw-00-00028	Cancer	<http://www.wikidata.org/entity/Q326041>
clueweb12-0000tw-00-00028	Charlotte Hayley	<http://www.wikidata.org/entity/Q65022271>
clueweb12-0000tw-00-00028	Susan G. Komen	<http://www.wikidata.org/entity/Q30296717>
clueweb12-0000tw-00-00029	Bladder Cancer	<http://www.wikidata.org/entity/Q30230812>
clueweb12-0000tw-00-00029	Cancer	<http://www.wikidata.org/entity/Q326041>
clueweb12-0000tw-00-00029	Austin	<http://www.wikidata.org/entity/Q39073288>
clueweb12-0000tw-00-00030	Uterine Cancer	<http://www.wikidata.org/entity/Q1209744>
clueweb12-0000tw-00-00030	Uterine	<http://www.wikidata.org/entity/Q2463884>
clueweb12-0000tw-00-00030	Uterine Cancer	<http://www.wikidata.org/entity/Q1209744>
clueweb12-0000tw-00-00030	Bladder Cancer	<http://www.wikidata.org/entity/Q30230812>
clueweb12-0000tw-00-00030	Cancer	<http://www.wikidata.org/entity/Q326041>
clueweb12-0000tw-00-00030	Uterine Cancer	<http://www.wikidata.org/entity/Q1209744>
clueweb12-0000tw-00-00030	Uterine Cancer	<http://www.wikidata.org/entity/Q1209744>
clueweb12-0000tw-00-00030	Uterine Cancer	<http://www.wikidata.org/entity/Q1209744>
clueweb12-0000tw-00-00030	Uterine Cancer	<http://www.wikidata.org/entity/Q1209744>
clueweb12-0000tw-00-00030	Uterine Cancer	<http://www.wikidata.org/entity/Q1209744>
clueweb12-0000tw-00-00030	Uterine Cancer	<http://www.wikidata.org/entity/Q1209744>
clueweb12-0000tw-00-00030	Uterine Cancer	<http://www.wikidata.org/entity/Q1209744>
clueweb12-0000tw-00-00030	Uterine Cancer	<http://www.wikidata.org/entity/Q1209744>
clueweb12-0000tw-00-00031	Myeloma	<http://www.wikidata.org/entity/Q54906154>
clueweb12-0000tw-00-00031	HIV	<http://www.wikidata.org/entity/Q15787>
clueweb12-0000tw-00-00031	Bladder Cancer	<http://www.wikidata.org/entity/Q30230812>
clueweb12-0000tw-00-00031	Leukemia	<http://www.wikidata.org/entity/Q6534498>
clueweb12-0000tw-00-00031	Leukemia	<http://www.wikidata.org/entity/Q6534498>
clueweb12-0000tw-00-00033	Insurance	<http://www.wikidata.org/entity/Q33228608>
clueweb12-0000tw-00-00034	Insurance	<http://www.wikidata.org/entity/Q33228608>
clueweb12-0000tw-00-00035	Insurance	<http://www.wikidata.org/entity/Q33228608>
clueweb12-0000tw-00-00036	Insurance	<http://www.wikidata.org/entity/Q33228608>
clueweb12-0000tw-00-00037	Insurance	<http://www.wikidata.org/entity/Q33228608>
clueweb12-0000tw-00-00038	Insurance	<http://www.wikidata.org/entity/Q33228608>
clueweb12-0000tw-00-00039	Insurance	<http://www.wikidata.org/entity/Q33228608>
clueweb12-0000tw-00-00040	Insurance	<http://www.wikidata.org/entity/Q33228608>
clueweb12-0000tw-00-00041	Insurance	<http://www.wikidata.org/entity/Q33228608>
clueweb12-0000tw-00-00045	Cappy	<http://www.wikidata.org/entity/Q1089981>
clueweb12-0000tw-00-00045	JavaScript	<http://www.wikidata.org/entity/Q2005>
clueweb12-0000tw-00-00045	Macromedia Flash Player	<http://www.wikidata.org/entity/Q29000793>
clueweb12-0000tw-00-00045	Loading	<http://www.wikidata.org/entity/Q77009094>
clueweb12-0000tw-00-00045	Elliot	<http://www.wikidata.org/entity/Q29638848>
clueweb12-0000tw-00-00045	HIV	<http://www.wikidata.org/entity/Q15787>
clueweb12-0000tw-00-00045	Cassius	<http://www.wikidata.org/entity/Q1048429>
clueweb12-0000tw-00-00045	Community Guidelines	<http://www.wikidata.org/entity/Q57891519>
clueweb12-0000tw-00-00045	Elliot	<http://www.wikidata.org/entity/Q29638848>
clueweb12-0000tw-00-00045	Cassius	<http://www.wikidata.org/entity/Q1048429>
clueweb12-0000tw-00-00045	Elliot	<http://www.wikidata.org/entity/Q29638848>
clueweb12-0000tw-00-00047	Prego	<http://www.wikidata.org/entity/Q23785216>
clueweb12-0000tw-00-00048	Swiss	<http://www.wikidata.org/entity/Q15849757>
clueweb12-0000tw-00-00049	Magic	<http://www.wikidata.org/entity/Q910887>
clueweb12-0000tw-00-00051	Costco	<http://www.wikidata.org/entity/Q715583>
clueweb12-0000tw-00-00051	Gateway	<http://www.wikidata.org/entity/Q11612443>
clueweb12-0000tw-00-00051	Gateway	<http://www.wikidata.org/entity/Q11612443>
clueweb12-0000tw-00-00051	Coupons	<http://www.wikidata.org/entity/Q24258547>
clueweb12-0000tw-00-00051	Costco	<http://www.wikidata.org/entity/Q715583>
clueweb12-0000tw-00-00051	Costco	<http://www.wikidata.org/entity/Q715583>
clueweb12-0000tw-00-00051	Gold Star	<http://www.wikidata.org/entity/Q16675272>
clueweb12-0000tw-00-00053	Bourne	<http://www.wikidata.org/entity/Q19481099>
clueweb12-0000tw-00-00053	Tidak Lagi D	<http://www.wikidata.org/entity/Q24896228>
clueweb12-0000tw-00-00053	Flori	<http://www.wikidata.org/entity/Q19967889>
clueweb12-0000tw-00-00053	Bookmark	<http://www.wikidata.org/entity/Q64558993>
clueweb12-0000tw-00-00053	Pilot Lion	<http://www.wikidata.org/entity/Q1333406>
clueweb12-0000tw-00-00053	RSS Feed	<http://www.wikidata.org/entity/Q7259635>
clueweb12-0000tw-00-00053	Alexander Fleming	<http://www.wikidata.org/entity/Q73852214>
clueweb12-0000tw-00-00053	Bourne Legacy	<http://www.wikidata.org/entity/Q494048>
clueweb12-0000tw-00-00053	Matt Damon	<http://www.wikidata.org/entity/Q175535>
clueweb12-0000tw-00-00053	Bourne Legacy	<http://www.wikidata.org/entity/Q494048>
clueweb12-0000tw-00-00053	Matt Damon	<http://www.wikidata.org/entity/Q175535>
clueweb12-0000tw-00-00053	Bourne	<http://www.wikidata.org/entity/Q19481099>
clueweb12-0000tw-00-00053	Bourne Legacy	<http://www.wikidata.org/entity/Q494048>
clueweb12-0000tw-00-00053	Bis Kota	<http://www.wikidata.org/entity/Q3816622>
clueweb12-0000tw-00-00053	Harga	<http://www.wikidata.org/entity/Q3127431>
clueweb12-0000tw-00-00053	Konser Sepultura	<http://www.wikidata.org/entity/Q31653970>
clueweb12-0000tw-00-00053	Apa Itu SOPA	<http://www.wikidata.org/entity/Q18614904>
clueweb12-0000tw-00-00053	Ac.	<http://www.wikidata.org/entity/Q182336>
clueweb12-0000tw-00-00053	Geve Me Al	<http://www.wikidata.org/entity/Q743432>
clueweb12-0000tw-00-00053	Tembak Kepala	<http://www.wikidata.org/entity/Q64822502>
clueweb12-0000tw-00-00053	Pakistan	<http://www.wikidata.org/entity/Q843>
clueweb12-0000tw-00-00053	Hugh Hefner	<http://www.wikidata.org/entity/Q194280>
clueweb12-0000tw-00-00053	Damon	<http://www.wikidata.org/entity/Q31187228>
clueweb12-0000tw-00-00053	CentOS	<http://www.wikidata.org/entity/Q207542>
clueweb12-0000tw-00-00053	Debian	<http://www.wikidata.org/entity/Q7715973>
clueweb12-0000tw-00-00053	Facebook	<http://www.wikidata.org/entity/Q18613161>
clueweb12-0000tw-00-00053	Fedora	<http://www.wikidata.org/entity/Q656910>
clueweb12-0000tw-00-00053	Fennec	<http://www.wikidata.org/entity/Q39732>
clueweb12-0000tw-00-00053	FireFox	<http://www.wikidata.org/entity/Q1418932>
clueweb12-0000tw-00-00053	Detail Ferrari F2012 Fo	<http://www.wikidata.org/entity/Q171791>
clueweb12-0000tw-00-00053	RIM Diskon	<http://www.wikidata.org/entity/Q60642522>
clueweb12-0000tw-00-00053	BlackBerry PlayBook	<http://www.wikidata.org/entity/Q7757441>
clueweb12-0000tw-00-00053	RSS Feed	<http://www.wikidata.org/entity/Q7259635>
clueweb12-0000tw-00-00053	RSS	<http://www.wikidata.org/entity/Q18050995>
clueweb12-0000tw-00-00053	Ikuti Segera	<http://www.wikidata.org/entity/Q29435200>
clueweb12-0000tw-00-00053	Hacke	<http://www.wikidata.org/entity/Q792156>
clueweb12-0000tw-00-00053	Aaron Cross	<http://www.wikidata.org/entity/Q1917017>
clueweb12-0000tw-00-00053	Jason Bourne	<http://www.wikidata.org/entity/Q19481099>
clueweb12-0000tw-00-00053	The Bourne Legacy	<http://www.wikidata.org/entity/Q494048>
clueweb12-0000tw-00-00053	Matt Damon	<http://www.wikidata.org/entity/Q175535>
clueweb12-0000tw-00-00053	Tony Gilroy	<http://www.wikidata.org/entity/Q353117>
clueweb12-0000tw-00-00053	Jeremy Renner	<http://www.wikidata.org/entity/Q23365>
clueweb12-0000tw-00-00053	Berita IT	<http://www.wikidata.org/entity/Q820707>
clueweb12-0000tw-00-00053	Microsoft Windows	<http://www.wikidata.org/entity/Q1406>
clueweb12-0000tw-00-00053	Facebook Pesa	<http://www.wikidata.org/entity/Q25324338>
clueweb12-0000tw-00-00053	Bourne Legacy	<http://www.wikidata.org/entity/Q1319626>
clueweb12-0000tw-00-00053	Bookmark	<http://www.wikidata.org/entity/Q64558993>
clueweb12-0000tw-00-00053	Bourne Legacy	<http://www.wikidata.org/entity/Q1319626>
clueweb12-0000tw-00-00053	Agustus	<http://www.wikidata.org/entity/Q4694643>
clueweb12-0000tw-00-00056	RINO	<http://www.wikidata.org/entity/Q2529176>
clueweb12-0000tw-00-00056	Ron Paul	<http://www.wikidata.org/entity/Q15257>
clueweb12-0000tw-00-00056	MSNBC	<http://www.wikidata.org/entity/Q13973>
clueweb12-0000tw-00-00056	South Africa	<http://www.wikidata.org/entity/Q60085938>
clueweb12-0000tw-00-00056	Spencer's	<http://www.wikidata.org/entity/Q7575959>
clueweb12-0000tw-00-00056	Spencer	<http://www.wikidata.org/entity/Q64534895>
clueweb12-0000tw-00-00056	Lorinda Hern	<http://www.wikidata.org/entity/Q4815272>
clueweb12-0000tw-00-00056	South Africa	<http://www.wikidata.org/entity/Q60085938>
clueweb12-0000tw-00-00056	Spencer	<http://www.wikidata.org/entity/Q64534895>
clueweb12-0000tw-00-00056	Ueno Zoo	<http://www.wikidata.org/entity/Q162722>
clueweb12-0000tw-00-00056	Tokyo	<http://www.wikidata.org/entity/Q7813799>
clueweb12-0000tw-00-00057	Yankees	<http://www.wikidata.org/entity/Q8048794>
clueweb12-0000tw-00-00057	Brian Cashman	<http://www.wikidata.org/entity/Q2924879>
clueweb12-0000tw-00-00057	Cashman's	<http://www.wikidata.org/entity/Q51388074>
clueweb12-0000tw-00-00057	Cashman	<http://www.wikidata.org/entity/Q7143286>
clueweb12-0000tw-00-00057	Cashman	<http://www.wikidata.org/entity/Q7143286>
clueweb12-0000tw-00-00057	Cashman	<http://www.wikidata.org/entity/Q7143286>
clueweb12-0000tw-00-00057	Cashman's	<http://www.wikidata.org/entity/Q51388074>
clueweb12-0000tw-00-00057	British	<http://www.wikidata.org/entity/Q56191957>
clueweb12-0000tw-00-00057	Manhattan	<http://www.wikidata.org/entity/Q731310>
clueweb12-0000tw-00-00057	Post	<http://www.wikidata.org/entity/Q1943441>
clueweb12-0000tw-00-00057	Louise	<http://www.wikidata.org/entity/Q19925058>
clueweb12-0000tw-00-00057	Sano	<http://www.wikidata.org/entity/Q20895064>
clueweb12-0000tw-00-00057	Neathway	<http://www.wikidata.org/entity/Q56855143>
clueweb12-0000tw-00-00057	Ron Gardella	<http://www.wikidata.org/entity/Q2621474>
clueweb12-0000tw-00-00057	U.S	<http://www.wikidata.org/entity/Q21712153>
clueweb12-0000tw-00-00057	Southern District	<http://www.wikidata.org/entity/Q188781>
clueweb12-0000tw-00-00057	FBI	<http://www.wikidata.org/entity/Q42301907>
clueweb12-0000tw-00-00057	Brian Jacob	<http://www.wikidata.org/entity/Q51834119>
clueweb12-0000tw-00-00057	Neathway	<http://www.wikidata.org/entity/Q56855143>
clueweb12-0000tw-00-00057	Neathway	<http://www.wikidata.org/entity/Q56855143>
clueweb12-0000tw-00-00057	Cashman	<http://www.wikidata.org/entity/Q7143286>
clueweb12-0000tw-00-00057	David Sano	<http://www.wikidata.org/entity/Q64171350>
clueweb12-0000tw-00-00057	Post	<http://www.wikidata.org/entity/Q1943441>
clueweb12-0000tw-00-00057	Chris Giglio	<http://www.wikidata.org/entity/Q63536240>
clueweb12-0000tw-00-00057	Giglio	<http://www.wikidata.org/entity/Q204152>
clueweb12-0000tw-00-00057	Meanwell	<http://www.wikidata.org/entity/Q29378277>
clueweb12-0000tw-00-00057	Daily News	<http://www.wikidata.org/entity/Q19917636>
clueweb12-0000tw-00-00057	Cashman	<http://www.wikidata.org/entity/Q7143286>
clueweb12-0000tw-00-00057	Yankees	<http://www.wikidata.org/entity/Q8048794>
clueweb12-0000tw-00-00057	Neathway	<http://www.wikidata.org/entity/Q56855143>
clueweb12-0000tw-00-00058	Caputo	<http://www.wikidata.org/entity/Q17399544>
clueweb12-0000tw-00-00058	Sauce	<http://www.wikidata.org/entity/Q249114>
clueweb12-0000tw-00-00058	Rivington Street	<http://www.wikidata.org/entity/Q65940626>
clueweb12-0000tw-00-00058	Gothamist	<http://www.wikidata.org/entity/Q5587827>
clueweb12-0000tw-00-00058	Sauce	<http://www.wikidata.org/entity/Q249114>
clueweb12-0000tw-00-00058	Adam Tiberio	<http://www.wikidata.org/entity/Q18216066>
clueweb12-0000tw-00-00058	Steak	<http://www.wikidata.org/entity/Q3497740>
clueweb12-0000tw-00-00058	Sauce	<http://www.wikidata.org/entity/Q249114>
clueweb12-0000tw-00-00058	Sauce	<http://www.wikidata.org/entity/Q249114>
clueweb12-0000tw-00-00058	Italian	<http://www.wikidata.org/entity/Q652>
clueweb12-0000tw-00-00058	East Village	<http://www.wikidata.org/entity/Q1043326>
clueweb12-0000tw-00-00058	Albany	<http://www.wikidata.org/entity/Q2001662>
clueweb12-0000tw-00-00058	LIC	<http://www.wikidata.org/entity/Q29710141>
clueweb12-0000tw-00-00058	Sauce	<http://www.wikidata.org/entity/Q249114>
clueweb12-0000tw-00-00058	Rob DeFlorio	<http://www.wikidata.org/entity/Q3615670>
clueweb12-0000tw-00-00058	Mother	<http://www.wikidata.org/entity/Q20396304>
clueweb12-0000tw-00-00058	Sauce	<http://www.wikidata.org/entity/Q249114>
clueweb12-0000tw-00-00058	Mezzanelli	<http://www.wikidata.org/entity/Q18493099>
clueweb12-0000tw-00-00058	Adam Tiberio	<http://www.wikidata.org/entity/Q18216066>
clueweb12-0000tw-00-00059	East Coast	<http://www.wikidata.org/entity/Q1277782>
clueweb12-0000tw-00-00059	Riis Landing	<http://www.wikidata.org/entity/Q30098122>
clueweb12-0000tw-00-00059	Rockaway	<http://www.wikidata.org/entity/Q1087137>
clueweb12-0000tw-00-00059	New York Bay	<http://www.wikidata.org/entity/Q19924068>
clueweb12-0000tw-00-00059	New England	<http://www.wikidata.org/entity/Q18389>
clueweb12-0000tw-00-00059	Andre	<http://www.wikidata.org/entity/Q501407>
clueweb12-0000tw-00-00059	Andre	<http://www.wikidata.org/entity/Q501407>
clueweb12-0000tw-00-00059	Gracie Mansion	<http://www.wikidata.org/entity/Q3025091>
clueweb12-0000tw-00-00059	Inwood	<http://www.wikidata.org/entity/Q520620>
clueweb12-0000tw-00-00059	Brighton Beach	<http://www.wikidata.org/entity/Q4967604>
clueweb12-0000tw-00-00059	Upper West Side	<http://www.wikidata.org/entity/Q429687>
clueweb12-0000tw-00-00059	Staten Island	<http://www.wikidata.org/entity/Q2078287>
clueweb12-0000tw-00-00059	Nicky	<http://www.wikidata.org/entity/Q14458594>
clueweb12-0000tw-00-00059	Central Park Zoo	<http://www.wikidata.org/entity/Q64154094>
clueweb12-0000tw-00-00059	American Princess	<http://www.wikidata.org/entity/Q55402674>
clueweb12-0000tw-00-00060	Rosanna Scotto	<http://www.wikidata.org/entity/Q7367342>
clueweb12-0000tw-00-00060	Kelly	<http://www.wikidata.org/entity/Q64990359>
clueweb12-0000tw-00-00060	Scotto	<http://www.wikidata.org/entity/Q33293214>
clueweb12-0000tw-00-00060	Kelly	<http://www.wikidata.org/entity/Q64990359>
clueweb12-0000tw-00-00060	Kelly	<http://www.wikidata.org/entity/Q64990359>
clueweb12-0000tw-00-00060	Rosanna	<http://www.wikidata.org/entity/Q2603416>
clueweb12-0000tw-00-00060	Kelly	<http://www.wikidata.org/entity/Q64990359>
clueweb12-0000tw-00-00060	Ray Kelly	<http://www.wikidata.org/entity/Q16509084>
clueweb12-0000tw-00-00060	Mayor Bloomberg	<http://www.wikidata.org/entity/Q980958>
clueweb12-0000tw-00-00060	Cy Vance	<http://www.wikidata.org/entity/Q47512746>
clueweb12-0000tw-00-00060	Bloomberg	<http://www.wikidata.org/entity/Q13977>
clueweb12-0000tw-00-00060	East	<http://www.wikidata.org/entity/Q65512151>
clueweb12-0000tw-00-00060	Street	<http://www.wikidata.org/entity/Q51885206>
clueweb12-0000tw-00-00060	Rosanna Scotto	<http://www.wikidata.org/entity/Q7367342>
clueweb12-0000tw-00-00060	Good Day New York	<http://www.wikidata.org/entity/Q5582505>
clueweb12-0000tw-00-00060	Greg Kelly	<http://www.wikidata.org/entity/Q5605813>
clueweb12-0000tw-00-00060	NYPD	<http://www.wikidata.org/entity/Q1218252>
clueweb12-0000tw-00-00060	Ray Kelly	<http://www.wikidata.org/entity/Q16509084>
clueweb12-0000tw-00-00060	Scotto	<http://www.wikidata.org/entity/Q33293214>
clueweb12-0000tw-00-00060	Kelly	<http://www.wikidata.org/entity/Q64990359>
clueweb12-0000tw-00-00060	Fox Five	<http://www.wikidata.org/entity/Q64956880>
clueweb12-0000tw-00-00060	Greg Kelly	<http://www.wikidata.org/entity/Q5605813>
clueweb12-0000tw-00-00060	Kelly	<http://www.wikidata.org/entity/Q64990359>
clueweb12-0000tw-00-00061	Nuclear Regulatory Commission	<http://www.wikidata.org/entity/Q1320326>
clueweb12-0000tw-00-00061	Augusta	<http://www.wikidata.org/entity/Q3400491>
clueweb12-0000tw-00-00061	Georgia	<http://www.wikidata.org/entity/Q1509291>
clueweb12-0000tw-00-00061	Jim Steets	<http://www.wikidata.org/entity/Q64713163>
clueweb12-0000tw-00-00061	Indian Point	<http://www.wikidata.org/entity/Q49038718>
clueweb12-0000tw-00-00061	Indian Point	<http://www.wikidata.org/entity/Q49038718>
clueweb12-0000tw-00-00061	Nuclear Regulatory Commission	<http://www.wikidata.org/entity/Q1320326>
clueweb12-0000tw-00-00061	Laura Haight	<http://www.wikidata.org/entity/Q4710393>
clueweb12-0000tw-00-00061	New York Public Interest Research Group	<http://www.wikidata.org/entity/Q4537781>
clueweb12-0000tw-00-00061	Three Mile Island	<http://www.wikidata.org/entity/Q80872048>
clueweb12-0000tw-00-00061	Go Isotopes	<http://www.wikidata.org/entity/Q25276>
clueweb12-0000tw-00-00061	Governor Cuomo	<http://www.wikidata.org/entity/Q19630290>
clueweb12-0000tw-00-00061	Indian Point	<http://www.wikidata.org/entity/Q49038718>
clueweb12-0000tw-00-00061	Japan	<http://www.wikidata.org/entity/Q6156469>
clueweb12-0000tw-00-00061	Allison Fisher	<http://www.wikidata.org/entity/Q299898>
clueweb12-0000tw-00-00061	Public Citizen	<http://www.wikidata.org/entity/Q7257343>
clueweb12-0000tw-00-00061	Georgia	<http://www.wikidata.org/entity/Q1509291>
clueweb12-0000tw-00-00061	Fisher	<http://www.wikidata.org/entity/Q7692958>
clueweb12-0000tw-00-00061	Washington Post	<http://www.wikidata.org/entity/Q166032>
clueweb12-0000tw-00-00061	Georgia	<http://www.wikidata.org/entity/Q1509291>
clueweb12-0000tw-00-00061	Indian Point	<http://www.wikidata.org/entity/Q49038718>
clueweb12-0000tw-00-00062	City	<http://www.wikidata.org/entity/Q2233683>
clueweb12-0000tw-00-00062	Wall Street	<http://www.wikidata.org/entity/Q332348>
clueweb12-0000tw-00-00062	Bronx	<http://www.wikidata.org/entity/Q76442181>
clueweb12-0000tw-00-00062	Samuel Gompers	<http://www.wikidata.org/entity/Q282657>
clueweb12-0000tw-00-00062	P.S	<http://www.wikidata.org/entity/Q18612928>
clueweb12-0000tw-00-00062	Roberto Clemente	<http://www.wikidata.org/entity/Q684020>
clueweb12-0000tw-00-00062	Chappie James	<http://www.wikidata.org/entity/Q5073396>
clueweb12-0000tw-00-00062	Occupy	<http://www.wikidata.org/entity/Q7075828>
clueweb12-0000tw-00-00062	Panel	<http://www.wikidata.org/entity/Q20200637>
clueweb12-0000tw-00-00062	Brooklyn Tech	<http://www.wikidata.org/entity/Q16954098>
clueweb12-0000tw-00-00062	PEP	<http://www.wikidata.org/entity/Q29733682>
clueweb12-0000tw-00-00062	Walcott	<http://www.wikidata.org/entity/Q1008625>
clueweb12-0000tw-00-00062	Bloomberg	<http://www.wikidata.org/entity/Q13977>
clueweb12-0000tw-00-00062	Walcott	<http://www.wikidata.org/entity/Q1008625>
clueweb12-0000tw-00-00062	NYPD	<http://www.wikidata.org/entity/Q1218252>
clueweb12-0000tw-00-00062	Cathie Black	<http://www.wikidata.org/entity/Q446873>
clueweb12-0000tw-00-00062	Times	<http://www.wikidata.org/entity/Q12521500>
clueweb12-0000tw-00-00062	Teachers Union	<http://www.wikidata.org/entity/Q56850114>
clueweb12-0000tw-00-00062	Occupy	<http://www.wikidata.org/entity/Q7075828>
clueweb12-0000tw-00-00062	Department of Education	<http://www.wikidata.org/entity/Q3550346>
clueweb12-0000tw-00-00063	Levi	<http://www.wikidata.org/entity/Q76343296>
clueweb12-0000tw-00-00063	Roman	<http://www.wikidata.org/entity/Q1401088>
clueweb12-0000tw-00-00063	Levi	<http://www.wikidata.org/entity/Q76343296>
clueweb12-0000tw-00-00063	Nechama	<http://www.wikidata.org/entity/Q450506>
clueweb12-0000tw-00-00063	Rome	<http://www.wikidata.org/entity/Q209878>
clueweb12-0000tw-00-00063	Harry Freedman	<http://www.wikidata.org/entity/Q15505083>
clueweb12-0000tw-00-00063	Book One	<http://www.wikidata.org/entity/Q54807207>
clueweb12-0000tw-00-00063	Yavneh Trilogy	<http://www.wikidata.org/entity/Q8050398>
clueweb12-0000tw-00-00063	Kindle	<http://www.wikidata.org/entity/Q18614343>
clueweb12-0000tw-00-00063	Kindle Nation	<http://www.wikidata.org/entity/Q26458974>
clueweb12-0000tw-00-00063	Roman	<http://www.wikidata.org/entity/Q1401088>
clueweb12-0000tw-00-00063	Levi	<http://www.wikidata.org/entity/Q76343296>
clueweb12-0000tw-00-00063	Diana	<http://www.wikidata.org/entity/Q63809777>
clueweb12-0000tw-00-00063	Ed McMahon	<http://www.wikidata.org/entity/Q555370>
clueweb12-0000tw-00-00063	Richard	<http://www.wikidata.org/entity/Q7323529>
clueweb12-0000tw-00-00063	Levi	<http://www.wikidata.org/entity/Q76343296>
clueweb12-0000tw-00-00063	Roman	<http://www.wikidata.org/entity/Q1401088>
clueweb12-0000tw-00-00063	Romans	<http://www.wikidata.org/entity/Q613120>
clueweb12-0000tw-00-00063	Nechama	<http://www.wikidata.org/entity/Q450506>
clueweb12-0000tw-00-00063	Roman	<http://www.wikidata.org/entity/Q1401088>
clueweb12-0000tw-00-00064	Emma Wiggins	<http://www.wikidata.org/entity/Q27680852>
clueweb12-0000tw-00-00064	Evan Fletcher	<http://www.wikidata.org/entity/Q195949>
clueweb12-0000tw-00-00064	The Bride Series	<http://www.wikidata.org/entity/Q118985>
clueweb12-0000tw-00-00064	ROMANCE	<http://www.wikidata.org/entity/Q7362378>
clueweb12-0000tw-00-00064	Emma Wiggins	<http://www.wikidata.org/entity/Q27680852>
clueweb12-0000tw-00-00064	Evan Fletcher	<http://www.wikidata.org/entity/Q195949>
clueweb12-0000tw-00-00064	Jilted Bride	<http://www.wikidata.org/entity/Q64355279>
clueweb12-0000tw-00-00064	Jilted	<http://www.wikidata.org/entity/Q6193220>
clueweb12-0000tw-00-00064	Jilted Bride	<http://www.wikidata.org/entity/Q64355279>
clueweb12-0000tw-00-00064	Emma	<http://www.wikidata.org/entity/Q1338008>
clueweb12-0000tw-00-00065	NY Times	<http://www.wikidata.org/entity/P3221>
clueweb12-0000tw-00-00065	Rick Riordan	<http://www.wikidata.org/entity/Q212727>
clueweb12-0000tw-00-00065	Virginia	<http://www.wikidata.org/entity/Q2611949>
clueweb12-0000tw-00-00065	Richmond	<http://www.wikidata.org/entity/Q75424578>
clueweb12-0000tw-00-00065	Liz	<http://www.wikidata.org/entity/Q20543684>
clueweb12-0000tw-00-00065	John	<http://www.wikidata.org/entity/Q2022910>
clueweb12-0000tw-00-00065	Liz	<http://www.wikidata.org/entity/Q20543684>
clueweb12-0000tw-00-00065	Rebecca	<http://www.wikidata.org/entity/Q8906087>
clueweb12-0000tw-00-00065	Rebecca	<http://www.wikidata.org/entity/Q8906087>
clueweb12-0000tw-00-00065	Almond Joy	<http://www.wikidata.org/entity/Q4733893>
clueweb12-0000tw-00-00065	Amazon	<http://www.wikidata.org/entity/Q456054>
clueweb12-0000tw-00-00065	Rebecca	<http://www.wikidata.org/entity/Q8906087>
clueweb12-0000tw-00-00065	Midwest	<http://www.wikidata.org/entity/Q64592236>
clueweb12-0000tw-00-00065	India	<http://www.wikidata.org/entity/Q17748290>
clueweb12-0000tw-00-00065	Simmi	<http://www.wikidata.org/entity/Q2287262>
clueweb12-0000tw-00-00065	Alex	<http://www.wikidata.org/entity/Q30605938>
clueweb12-0000tw-00-00065	Jerry	<http://www.wikidata.org/entity/Q64144349>
clueweb12-0000tw-00-00065	Rebecca	<http://www.wikidata.org/entity/Q8906087>
clueweb12-0000tw-00-00065	John	<http://www.wikidata.org/entity/Q2022910>
clueweb12-0000tw-00-00065	Roger Smith	<http://www.wikidata.org/entity/Q321441>
clueweb12-0000tw-00-00065	Dust Devils	<http://www.wikidata.org/entity/Q16967584>
clueweb12-0000tw-00-00065	Andy Straka	<http://www.wikidata.org/entity/Q4761363>
clueweb12-0000tw-00-00065	Jerry	<http://www.wikidata.org/entity/Q64144349>
clueweb12-0000tw-00-00065	Jerry	<http://www.wikidata.org/entity/Q64144349>
clueweb12-0000tw-00-00065	Alex	<http://www.wikidata.org/entity/Q30605938>
clueweb12-0000tw-00-00065	Hillary E. Peak	<http://www.wikidata.org/entity/Q15224052>
clueweb12-0000tw-00-00065	Alex	<http://www.wikidata.org/entity/Q30605938>
clueweb12-0000tw-00-00065	Simmi	<http://www.wikidata.org/entity/Q2287262>
clueweb12-0000tw-00-00065	John Williams’	<http://www.wikidata.org/entity/Q20776369>
clueweb12-0000tw-00-00065	Kindle Store	<http://www.wikidata.org/entity/Q23679943>
clueweb12-0000tw-00-00065	Alex	<http://www.wikidata.org/entity/Q30605938>
clueweb12-0000tw-00-00066	Jerry	<http://www.wikidata.org/entity/Q64144349>
clueweb12-0000tw-00-00066	Rebecca	<http://www.wikidata.org/entity/Q8906087>
clueweb12-0000tw-00-00066	Alex	<http://www.wikidata.org/entity/Q30605938>
clueweb12-0000tw-00-00066	Rebecca	<http://www.wikidata.org/entity/Q8906087>
clueweb12-0000tw-00-00066	Hillary E. Peak	<http://www.wikidata.org/entity/Q15224052>
clueweb12-0000tw-00-00066	Midwest	<http://www.wikidata.org/entity/Q64592236>
clueweb12-0000tw-00-00066	India	<http://www.wikidata.org/entity/Q17748290>
clueweb12-0000tw-00-00066	Jerry	<http://www.wikidata.org/entity/Q64144349>
clueweb12-0000tw-00-00066	Alex	<http://www.wikidata.org/entity/Q30605938>
clueweb12-0000tw-00-00066	Simmi	<http://www.wikidata.org/entity/Q2287262>
clueweb12-0000tw-00-00066	NY Times	<http://www.wikidata.org/entity/P3221>
clueweb12-0000tw-00-00066	Rick Riordan	<http://www.wikidata.org/entity/Q212727>
clueweb12-0000tw-00-00066	Kindle Store	<http://www.wikidata.org/entity/Q23679943>
clueweb12-0000tw-00-00066	Rebecca	<http://www.wikidata.org/entity/Q8906087>
clueweb12-0000tw-00-00066	Andy Straka	<http://www.wikidata.org/entity/Q4761363>
clueweb12-0000tw-00-00066	Alex	<http://www.wikidata.org/entity/Q30605938>
clueweb12-0000tw-00-00066	Rebecca	<http://www.wikidata.org/entity/Q8906087>
clueweb12-0000tw-00-00066	Simmi	<http://www.wikidata.org/entity/Q2287262>
clueweb12-0000tw-00-00066	Alex	<http://www.wikidata.org/entity/Q30605938>
clueweb12-0000tw-00-00066	Jerry	<http://www.wikidata.org/entity/Q64144349>
clueweb12-0000tw-00-00066	Amazon	<http://www.wikidata.org/entity/Q456054>
clueweb12-0000tw-00-00066	Almond Joy	<http://www.wikidata.org/entity/Q4733893>
clueweb12-0000tw-00-00067	Charlie	<http://www.wikidata.org/entity/Q79315234>
clueweb12-0000tw-00-00067	Amazon	<http://www.wikidata.org/entity/Q456054>
clueweb12-0000tw-00-00067	Richmond	<http://www.wikidata.org/entity/Q75424578>
clueweb12-0000tw-00-00067	Adam Chase	<http://www.wikidata.org/entity/Q20090426>
clueweb12-0000tw-00-00067	Charlie	<http://www.wikidata.org/entity/Q79315234>
clueweb12-0000tw-00-00067	Adam	<http://www.wikidata.org/entity/Q20268547>
clueweb12-0000tw-00-00067	Charlie Whitney	<http://www.wikidata.org/entity/Q1139652>
clueweb12-0000tw-00-00067	Tracy Sumner	<http://www.wikidata.org/entity/Q20499085>
clueweb12-0000tw-00-00067	Adam Chase	<http://www.wikidata.org/entity/Q20090426>
clueweb12-0000tw-00-00067	Charlotte Whitney	<http://www.wikidata.org/entity/Q2960938>
clueweb12-0000tw-00-00067	South Carolina	<http://www.wikidata.org/entity/Q63993479>
clueweb12-0000tw-00-00067	Scott Nicholson	<http://www.wikidata.org/entity/Q2800220>
clueweb12-0000tw-00-00067	Liquid Fear	<http://www.wikidata.org/entity/Q143472>
clueweb12-0000tw-00-00067	Adam	<http://www.wikidata.org/entity/Q20268547>
clueweb12-0000tw-00-00067	Kindle Store	<http://www.wikidata.org/entity/Q23679943>
clueweb12-0000tw-00-00067	Brenda Wallace	<http://www.wikidata.org/entity/Q1962858>
clueweb12-0000tw-00-00069	Magick School	<http://www.wikidata.org/entity/Q6731054>
clueweb12-0000tw-00-00069	Forget	<http://www.wikidata.org/entity/Q18615025>
clueweb12-0000tw-00-00069	Magick	<http://www.wikidata.org/entity/Q6731055>
clueweb12-0000tw-00-00069	Little Wiccans Go	<http://www.wikidata.org/entity/Q6650172>
clueweb12-0000tw-00-00069	Dark Magick	<http://www.wikidata.org/entity/Q3702718>
clueweb12-0000tw-00-00069	Yola	<http://www.wikidata.org/entity/Q994114>
clueweb12-0000tw-00-00069	Yola	<http://www.wikidata.org/entity/Q994114>
clueweb12-0000tw-00-00069	Daniel Jones	<http://www.wikidata.org/entity/Q446447>
clueweb12-0000tw-00-00079	Click	<http://www.wikidata.org/entity/Q496654>
clueweb12-0000tw-00-00079	Aileen Lee	<http://www.wikidata.org/entity/Q19663074>
clueweb12-0000tw-00-00079	Click	<http://www.wikidata.org/entity/Q496654>
clueweb12-0000tw-00-00079	Twitter	<http://www.wikidata.org/entity/Q2582028>
clueweb12-0000tw-00-00079	Click	<http://www.wikidata.org/entity/Q496654>
clueweb12-0000tw-00-00079	Click	<http://www.wikidata.org/entity/Q496654>
clueweb12-0000tw-00-00079	Click	<http://www.wikidata.org/entity/Q496654>
clueweb12-0000tw-00-00079	Click	<http://www.wikidata.org/entity/Q496654>
clueweb12-0000tw-00-00079	Click	<http://www.wikidata.org/entity/Q496654>
clueweb12-0000tw-00-00079	Click	<http://www.wikidata.org/entity/Q496654>
clueweb12-0000tw-00-00079	Twitter	<http://www.wikidata.org/entity/Q2582028>
clueweb12-0000tw-00-00079	Click	<http://www.wikidata.org/entity/Q496654>
clueweb12-0000tw-00-00079	Click	<http://www.wikidata.org/entity/Q496654>
clueweb12-0000tw-00-00080	Graphic Design	<http://www.wikidata.org/entity/Q185925>
clueweb12-0000tw-00-00080	Bronto	<http://www.wikidata.org/entity/Q12360442>
clueweb12-0000tw-00-00080	Billings	<http://www.wikidata.org/entity/Q166304>
clueweb12-0000tw-00-00080	Ismail	<http://www.wikidata.org/entity/Q17859795>
clueweb12-0000tw-00-00080	Wasim	<http://www.wikidata.org/entity/Q23731498>
clueweb12-0000tw-00-00080	RGB	<http://www.wikidata.org/entity/Q6151904>
clueweb12-0000tw-00-00080	Red Green Blue	<http://www.wikidata.org/entity/Q20189992>
clueweb12-0000tw-00-00080	Adobe	<http://www.wikidata.org/entity/Q11463>
clueweb12-0000tw-00-00080	Resto	<http://www.wikidata.org/entity/Q2569126>
clueweb12-0000tw-00-00080	UX	<http://www.wikidata.org/entity/Q22976475>
clueweb12-0000tw-00-00080	Davroc Interiors	<http://www.wikidata.org/entity/Q20741507>
clueweb12-0000tw-00-00080	Notify	<http://www.wikidata.org/entity/Q51950305>
clueweb12-0000tw-00-00080	Sherice	<http://www.wikidata.org/entity/Q53225964>
clueweb12-0000tw-00-00080	The Grid System	<http://www.wikidata.org/entity/Q60270669>
clueweb12-0000tw-00-00080	Crazy Egg	<http://www.wikidata.org/entity/Q5183082>
clueweb12-0000tw-00-00080	Stephanie Hamilton	<http://www.wikidata.org/entity/Q3284745>
clueweb12-0000tw-00-00080	Graphic Designer	<http://www.wikidata.org/entity/Q627325>
clueweb12-0000tw-00-00081	Mario Pleitez	<http://www.wikidata.org/entity/Q7683257>
clueweb12-0000tw-00-00081	Cialdini	<http://www.wikidata.org/entity/Q1198516>
clueweb12-0000tw-00-00081	ROI	<http://www.wikidata.org/entity/Q60580325>
clueweb12-0000tw-00-00081	Internet	<http://www.wikidata.org/entity/Q66817841>
clueweb12-0000tw-00-00081	New	<http://www.wikidata.org/entity/Q16252352>
clueweb12-0000tw-00-00081	Jane	<http://www.wikidata.org/entity/Q6151049>
clueweb12-0000tw-00-00081	Wordpress	<http://www.wikidata.org/entity/Q13166>
clueweb12-0000tw-00-00081	Russ Henneberry	<http://www.wikidata.org/entity/Q28076306>
clueweb12-0000tw-00-00081	Mich	<http://www.wikidata.org/entity/Q19967537>
clueweb12-0000tw-00-00081	Jane	<http://www.wikidata.org/entity/Q6151049>
clueweb12-0000tw-00-00081	Jane	<http://www.wikidata.org/entity/Q6151049>
clueweb12-0000tw-00-00081	Jane	<http://www.wikidata.org/entity/Q6151049>
clueweb12-0000tw-00-00081	Jane	<http://www.wikidata.org/entity/Q6151049>
clueweb12-0000tw-00-00081	Jane	<http://www.wikidata.org/entity/Q6151049>
clueweb12-0000tw-00-00081	Jane	<http://www.wikidata.org/entity/Q6151049>
clueweb12-0000tw-00-00081	Jane	<http://www.wikidata.org/entity/Q6151049>
clueweb12-0000tw-00-00082	Angelina Jolie	<http://www.wikidata.org/entity/Q13909>
clueweb12-0000tw-00-00082	Go Daddy	<http://www.wikidata.org/entity/Q5207983>
clueweb12-0000tw-00-00082	John Caples	<http://www.wikidata.org/entity/Q59533040>
clueweb12-0000tw-00-00082	U.S	<http://www.wikidata.org/entity/Q21712153>
clueweb12-0000tw-00-00082	Loud Sex	<http://www.wikidata.org/entity/Q18613327>
clueweb12-0000tw-00-00082	Billion Dollar	<http://www.wikidata.org/entity/Q1629310>
clueweb12-0000tw-00-00082	Forbes	<http://www.wikidata.org/entity/Q956568>
clueweb12-0000tw-00-00082	The Big Book of Sex	<http://www.wikidata.org/entity/Q882773>
clueweb12-0000tw-00-00082	Greed	<http://www.wikidata.org/entity/Q52663928>
clueweb12-0000tw-00-00082	Demian Farnworth	<http://www.wikidata.org/entity/Q1397011>
clueweb12-0000tw-00-00082	Financial Times	<http://www.wikidata.org/entity/Q183399>
clueweb12-0000tw-00-00082	Forbes	<http://www.wikidata.org/entity/Q956568>
clueweb12-0000tw-00-00082	Loud Sex	<http://www.wikidata.org/entity/Q18613327>
clueweb12-0000tw-00-00082	Illinois	<http://www.wikidata.org/entity/Q1204>
clueweb12-0000tw-00-00082	Stansberry Research	<http://www.wikidata.org/entity/Q7600171>
clueweb12-0000tw-00-00082	Jet	<http://www.wikidata.org/entity/Q2416859>
clueweb12-0000tw-00-00082	Motley Fool	<http://www.wikidata.org/entity/Q7752442>
clueweb12-0000tw-00-00082	Greed	<http://www.wikidata.org/entity/Q52663928>
clueweb12-0000tw-00-00082	Fortune	<http://www.wikidata.org/entity/Q74879299>
clueweb12-0000tw-00-00082	Rich Jerk	<http://www.wikidata.org/entity/Q1808437>
clueweb12-0000tw-00-00082	Brad Pitt	<http://www.wikidata.org/entity/Q35332>
clueweb12-0000tw-00-00083	Wordpress	<http://www.wikidata.org/entity/Q13166>
clueweb12-0000tw-00-00083	Joseph	<http://www.wikidata.org/entity/Q455784>
clueweb12-0000tw-00-00083	Orange County	<http://www.wikidata.org/entity/Q913965>
clueweb12-0000tw-00-00083	CA	<http://www.wikidata.org/entity/Q3139227>
clueweb12-0000tw-00-00083	Host Gator	<http://www.wikidata.org/entity/Q1917936>
clueweb12-0000tw-00-00083	Wordpress	<http://www.wikidata.org/entity/Q13166>
clueweb12-0000tw-00-00083	Wordpress	<http://www.wikidata.org/entity/Q13166>
clueweb12-0000tw-00-00083	Blogger	<http://www.wikidata.org/entity/Q171186>
clueweb12-0000tw-00-00083	Wordpress	<http://www.wikidata.org/entity/Q13166>
clueweb12-0000tw-00-00083	Wordpress	<http://www.wikidata.org/entity/Q13166>
clueweb12-0000tw-00-00083	Wordpress	<http://www.wikidata.org/entity/Q13166>
clueweb12-0000tw-00-00083	Wordpress	<http://www.wikidata.org/entity/Q13166>
clueweb12-0000tw-00-00083	Blogger	<http://www.wikidata.org/entity/Q171186>
clueweb12-0000tw-00-00083	Blogger	<http://www.wikidata.org/entity/Q171186>
clueweb12-0000tw-00-00083	Wordpress	<http://www.wikidata.org/entity/Q13166>
clueweb12-0000tw-00-00083	SEO	<http://www.wikidata.org/entity/Q2205797>
clueweb12-0000tw-00-00083	Wordpress	<http://www.wikidata.org/entity/Q13166>
clueweb12-0000tw-00-00083	RSS	<http://www.wikidata.org/entity/Q18050995>
clueweb12-0000tw-00-00083	Blogger	<http://www.wikidata.org/entity/Q171186>
clueweb12-0000tw-00-00083	Wordpress	<http://www.wikidata.org/entity/Q13166>
clueweb12-0000tw-00-00083	Picasa	<http://www.wikidata.org/entity/Q9349>
clueweb12-0000tw-00-00083	WordPress	<http://www.wikidata.org/entity/Q13166>
clueweb12-0000tw-00-00083	Blogger	<http://www.wikidata.org/entity/Q171186>
clueweb12-0000tw-00-00083	Wordpress	<http://www.wikidata.org/entity/Q13166>
clueweb12-0000tw-00-00083	Wordpress	<http://www.wikidata.org/entity/Q13166>
clueweb12-0000tw-00-00083	Wordpress	<http://www.wikidata.org/entity/Q13166>
clueweb12-0000tw-00-00083	Blogger	<http://www.wikidata.org/entity/Q171186>
clueweb12-0000tw-00-00083	Wordpress	<http://www.wikidata.org/entity/Q13166>
clueweb12-0000tw-00-00083	Blogger	<http://www.wikidata.org/entity/Q171186>
clueweb12-0000tw-00-00083	Gajanan	<http://www.wikidata.org/entity/Q61942957>
clueweb12-0000tw-00-00083	Blogger	<http://www.wikidata.org/entity/Q171186>
clueweb12-0000tw-00-00083	Google	<http://www.wikidata.org/entity/Q95>
clueweb12-0000tw-00-00083	Blogger	<http://www.wikidata.org/entity/Q171186>
clueweb12-0000tw-00-00083	Wordpress	<http://www.wikidata.org/entity/Q13166>
clueweb12-0000tw-00-00083	Harsh	<http://www.wikidata.org/entity/Q301768>
clueweb12-0000tw-00-00083	Wordpress	<http://www.wikidata.org/entity/Q13166>
clueweb12-0000tw-00-00083	Blogger	<http://www.wikidata.org/entity/Q171186>
clueweb12-0000tw-00-00083	Blogger	<http://www.wikidata.org/entity/Q171186>
clueweb12-0000tw-00-00083	DB	<http://www.wikidata.org/entity/Q54828581>
clueweb12-0000tw-00-00083	Blogger	<http://www.wikidata.org/entity/Q171186>
clueweb12-0000tw-00-00083	Blogger	<http://www.wikidata.org/entity/Q171186>
clueweb12-0000tw-00-00083	WordPress	<http://www.wikidata.org/entity/Q13166>
clueweb12-0000tw-00-00083	Wordpress	<http://www.wikidata.org/entity/Q13166>
clueweb12-0000tw-00-00083	Wordpress	<http://www.wikidata.org/entity/Q13166>
clueweb12-0000tw-00-00083	Blogger	<http://www.wikidata.org/entity/Q171186>
clueweb12-0000tw-00-00083	Wordpress	<http://www.wikidata.org/entity/Q13166>
clueweb12-0000tw-00-00083	Blogger	<http://www.wikidata.org/entity/Q171186>
clueweb12-0000tw-00-00083	Wordpress	<http://www.wikidata.org/entity/Q13166>
clueweb12-0000tw-00-00083	Wordpress	<http://www.wikidata.org/entity/Q13166>
clueweb12-0000tw-00-00083	Blogger	<http://www.wikidata.org/entity/Q171186>
clueweb12-0000tw-00-00083	Wordpress	<http://www.wikidata.org/entity/Q13166>
clueweb12-0000tw-00-00083	Blogger	<http://www.wikidata.org/entity/Q171186>
clueweb12-0000tw-00-00083	Wordpress	<http://www.wikidata.org/entity/Q13166>
clueweb12-0000tw-00-00084	Amazon	<http://www.wikidata.org/entity/Q456054>
clueweb12-0000tw-00-00084	Amazon	<http://www.wikidata.org/entity/Q456054>
clueweb12-0000tw-00-00084	Amazon	<http://www.wikidata.org/entity/Q456054>
clueweb12-0000tw-00-00084	Amazon	<http://www.wikidata.org/entity/Q456054>
clueweb12-0000tw-00-00084	Amazon.com	<http://www.wikidata.org/entity/Q56583594>
clueweb12-0000tw-00-00084	eCommerce	<http://www.wikidata.org/entity/Q12620655>
clueweb12-0000tw-00-00084	Amazon	<http://www.wikidata.org/entity/Q456054>
clueweb12-0000tw-00-00084	Amazon	<http://www.wikidata.org/entity/Q456054>
clueweb12-0000tw-00-00084	Russ Henneberry	<http://www.wikidata.org/entity/Q28076306>
clueweb12-0000tw-00-00084	Christopher Lee	<http://www.wikidata.org/entity/Q180338>
clueweb12-0000tw-00-00084	Christoper Lee	<http://www.wikidata.org/entity/Q76149696>
clueweb12-0000tw-00-00084	Amazon	<http://www.wikidata.org/entity/Q456054>
clueweb12-0000tw-00-00084	Shiny Toy Robots	<http://www.wikidata.org/entity/Q931174>
clueweb12-0000tw-00-00084	Amazon	<http://www.wikidata.org/entity/Q456054>
clueweb12-0000tw-00-00084	Amazon	<http://www.wikidata.org/entity/Q456054>
clueweb12-0000tw-00-00084	Amazon	<http://www.wikidata.org/entity/Q456054>
clueweb12-0000tw-00-00084	Amazon	<http://www.wikidata.org/entity/Q456054>
clueweb12-0000tw-00-00084	Sanj Sahayam	<http://www.wikidata.org/entity/Q26229586>
clueweb12-0000tw-00-00084	Amazon	<http://www.wikidata.org/entity/Q456054>
clueweb12-0000tw-00-00084	Angela Jones	<http://www.wikidata.org/entity/Q453973>
clueweb12-0000tw-00-00084	Amazon	<http://www.wikidata.org/entity/Q456054>
clueweb12-0000tw-00-00084	Brian Schwartz	<http://www.wikidata.org/entity/Q58149352>
clueweb12-0000tw-00-00084	Amazon	<http://www.wikidata.org/entity/Q456054>
clueweb12-0000tw-00-00084	Danny Iny	<http://www.wikidata.org/entity/Q19609438>
clueweb12-0000tw-00-00084	Kindle Fire	<http://www.wikidata.org/entity/Q196561>
clueweb12-0000tw-00-00084	Movies	<http://www.wikidata.org/entity/Q51127603>
clueweb12-0000tw-00-00084	Electronics	<http://www.wikidata.org/entity/Q27725494>
clueweb12-0000tw-00-00084	Kindle Fire	<http://www.wikidata.org/entity/Q196561>
clueweb12-0000tw-00-00084	Amazon	<http://www.wikidata.org/entity/Q456054>
clueweb12-0000tw-00-00084	Cesar Keller	<http://www.wikidata.org/entity/Q5088496>
clueweb12-0000tw-00-00084	Naomi Niles	<http://www.wikidata.org/entity/Q6964609>
clueweb12-0000tw-00-00084	Amazon	<http://www.wikidata.org/entity/Q456054>
clueweb12-0000tw-00-00084	Kindle Fire	<http://www.wikidata.org/entity/Q196561>
clueweb12-0000tw-00-00084	Amazon.com	<http://www.wikidata.org/entity/Q56583594>
clueweb12-0000tw-00-00084	Joseph Kalinowski	<http://www.wikidata.org/entity/Q11734514>
clueweb12-0000tw-00-00084	Amazon	<http://www.wikidata.org/entity/Q456054>
clueweb12-0000tw-00-00084	CTA	<http://www.wikidata.org/entity/Q29731689>
clueweb12-0000tw-00-00085	GOP	<http://www.wikidata.org/entity/Q20879277>
clueweb12-0000tw-00-00085	John Huntsman	<http://www.wikidata.org/entity/Q6217743>
clueweb12-0000tw-00-00085	Rick Perry	<http://www.wikidata.org/entity/Q215057>
clueweb12-0000tw-00-00085	Herman Cain	<http://www.wikidata.org/entity/Q491019>
clueweb12-0000tw-00-00085	Inc	<http://www.wikidata.org/entity/Q17484173>
clueweb12-0000tw-00-00085	Romney	<http://www.wikidata.org/entity/Q2129729>
clueweb12-0000tw-00-00085	Facebook	<http://www.wikidata.org/entity/Q18613161>
clueweb12-0000tw-00-00085	Twitter	<http://www.wikidata.org/entity/Q2582028>
clueweb12-0000tw-00-00085	Presidential	<http://www.wikidata.org/entity/Q7241407>
clueweb12-0000tw-00-00085	Barack Obama	<http://www.wikidata.org/entity/Q76>
clueweb12-0000tw-00-00085	Gingrich	<http://www.wikidata.org/entity/Q47510169>
clueweb12-0000tw-00-00085	Paul	<http://www.wikidata.org/entity/Q1164753>
clueweb12-0000tw-00-00085	Robin Cannon	<http://www.wikidata.org/entity/Q753063>
clueweb12-0000tw-00-00085	SEO	<http://www.wikidata.org/entity/Q2205797>
clueweb12-0000tw-00-00085	Paul	<http://www.wikidata.org/entity/Q1164753>
clueweb12-0000tw-00-00085	Gingrich	<http://www.wikidata.org/entity/Q47510169>
clueweb12-0000tw-00-00085	Iowa	<http://www.wikidata.org/entity/Q1546>
clueweb12-0000tw-00-00085	New Hampshire	<http://www.wikidata.org/entity/Q7008086>
clueweb12-0000tw-00-00085	Shiny Toy Robots	<http://www.wikidata.org/entity/Q931174>
clueweb12-0000tw-00-00085	GOP	<http://www.wikidata.org/entity/Q20879277>
clueweb12-0000tw-00-00085	GOP	<http://www.wikidata.org/entity/Q20879277>
clueweb12-0000tw-00-00085	‘Ron Paul	<http://www.wikidata.org/entity/Q15257>
clueweb12-0000tw-00-00085	Ron Paul’s	<http://www.wikidata.org/entity/Q7364334>
clueweb12-0000tw-00-00085	WordPress	<http://www.wikidata.org/entity/Q13166>
clueweb12-0000tw-00-00085	Romney	<http://www.wikidata.org/entity/Q2129729>
clueweb12-0000tw-00-00085	Romney	<http://www.wikidata.org/entity/Q2129729>
clueweb12-0000tw-00-00086	Trend	<http://www.wikidata.org/entity/Q2451430>
clueweb12-0000tw-00-00086	Robin	<http://www.wikidata.org/entity/Q56478982>
clueweb12-0000tw-00-00086	Twitter	<http://www.wikidata.org/entity/Q2582028>
clueweb12-0000tw-00-00086	Search	<http://www.wikidata.org/entity/Q3953588>
clueweb12-0000tw-00-00086	Kristi Hines	<http://www.wikidata.org/entity/Q6437836>
clueweb12-0000tw-00-00086	Google Analytics	<http://www.wikidata.org/entity/Q220577>
clueweb12-0000tw-00-00086	CST	<http://www.wikidata.org/entity/Q29731945>
clueweb12-0000tw-00-00086	Twitter	<http://www.wikidata.org/entity/Q2582028>
clueweb12-0000tw-00-00086	HootSuite	<http://www.wikidata.org/entity/Q2749075>
clueweb12-0000tw-00-00086	Tweetdeck	<http://www.wikidata.org/entity/Q931346>
clueweb12-0000tw-00-00086	Referral	<http://www.wikidata.org/entity/Q5242559>
clueweb12-0000tw-00-00086	Twitter	<http://www.wikidata.org/entity/Q2582028>
clueweb12-0000tw-00-00086	Twitter.com	<http://www.wikidata.org/entity/Q918>
clueweb12-0000tw-00-00086	Hootsuite	<http://www.wikidata.org/entity/Q2749075>
clueweb12-0000tw-00-00086	Tweetdeck	<http://www.wikidata.org/entity/Q931346>
clueweb12-0000tw-00-00086	Topsy Analytics	<http://www.wikidata.org/entity/Q18155281>
clueweb12-0000tw-00-00086	HootSuite	<http://www.wikidata.org/entity/Q2749075>
clueweb12-0000tw-00-00086	Tweetdeck	<http://www.wikidata.org/entity/Q931346>
clueweb12-0000tw-00-00086	Industry	<http://www.wikidata.org/entity/Q62520743>
clueweb12-0000tw-00-00086	Tweetdeck	<http://www.wikidata.org/entity/Q931346>
clueweb12-0000tw-00-00086	Column	<http://www.wikidata.org/entity/Q2984589>
clueweb12-0000tw-00-00086	Search	<http://www.wikidata.org/entity/Q3953588>
clueweb12-0000tw-00-00086	Google Docs	<http://www.wikidata.org/entity/Q60622564>
clueweb12-0000tw-00-00088	United	<http://www.wikidata.org/entity/Q7887305>
clueweb12-0000tw-00-00088	Mileage Plus	<http://www.wikidata.org/entity/Q28434586>
clueweb12-0000tw-00-00088	Continental	<http://www.wikidata.org/entity/Q15052288>
clueweb12-0000tw-00-00089	United	<http://www.wikidata.org/entity/Q7887305>
clueweb12-0000tw-00-00089	Mileage Plus	<http://www.wikidata.org/entity/Q28434586>
clueweb12-0000tw-00-00089	Continental	<http://www.wikidata.org/entity/Q15052288>
